neo	asdfadsf@mail.com	"04 1234 5678"	"1111 1111 1111 1111"	2020-06
neo	asdfadsf@mail.com	"04 1234 5678"	"1111 1111 1111 1111"	2020-06
neo	asdfadsf@mail.com	"04 1234 5678"	"1111 1111 1111 1111"	2020-06
neo	asdfadsf@mail.com	"04 1234 5678"	"1111 1111 1111 1111"	2020-06
neo	asdfadsf@mail.com	"04 1234 5678"	"1111 1111 1111 1111"	2020-06
neo	asdfadsf@mail.com	"04 1234 5678"	"1111 1111 1111 1111"	2020-06
neo	asdfadsf@mail.com	"04 1234 5678"	"1111 1111 1111 1111"	2020-06
neo	asdfadsf@mail.com	"04 1234 5678"	"1111 1111 1111 1111"	2020-06
neo	asdfadsf@mail.com	"04 1234 5678"	"1111 1111 1111 1111"	2020-06
neo	asdfadsf@mail.com	"04 1234 5678"	"1111 1111 1111 1111"	2020-06
neo	asdfadsf@mail.com	"04 1234 5678"	"1111 1111 1111 1111"	2020-06
neo	asdfadsf@mail.com	"04 1234 5678"	"1111 1111 1111 1111"	2020-06
neo	asdfadsf@mail.com	"04 1234 5678"	"1111 1111 1111 1111"	2020-06
neo	asdfadsf@mail.com	"04 1234 5678"	"1111 1111 1111 1111"	2020-06
neo	asdfadsf@mail.com	"04 1234 5678"	"1111 1111 1111 1111"	2020-06
neo	asdfadsf@mail.com	"04 1234 5678"	"1111 1111 1111 1111"	2020-06
neo	asdfadsf@mail.com	"04 1234 5678"	"1111 1111 1111 1111"	2020-06
neo	asdfadsf@mail.com	"04 1234 5678"	"1111 1111 1111 1111"	2020-06
neo	asdfadsf@mail.com	"04 1234 5678"	"1111 1111 1111 1111"	2020-06
neo	asdfadsf@mail.com	"04 1234 5678"	"1111 1111 1111 1111"	2020-06
neo	asdfadsf@mail.com	"04 1234 5678"	"1111 1111 1111 1111"	2020-06
neo	asdfadsf@mail.com	"04 1234 5678"	"1111 1111 1111 1111"	2020-06
neo	asdfadsf@mail.com	"04 1234 5678"	"1111 1111 1111 1111"	2020-06
neo	asdfadsf@mail.com	"04 1234 5678"	"1111 1111 1111 1111"	2020-06
neo	asdfadsf@mail.com	"04 1234 5678"	"1111 1111 1111 1111"	2020-06
neo	asdfadsf@mail.com	"04 1234 5678"	"1111 1111 1111 1111"	2020-06
neo	asdfadsf@mail.com	"04 1234 5678"	"1111 1111 1111 1111"	2020-06
neo	asdfadsf@mail.com	"04 1234 5678"	"1111 1111 1111 1111"	2020-06
neo	asdfadsf@mail.com	"04 1234 5678"	"1111 1111 1111 1111"	2020-06
neo	asdfadsf@mail.com	"04 1234 5678"	"1111 1111 1111 1111"	2020-06
neo	asdfadsf@mail.com	"04 1234 5678"	"1111 1111 1111 1111"	2020-06
neo	asdfadsf@mail.com	"04 1234 5678"	"1111 1111 1111 1111"	2020-06
neo	asdfadsf@mail.com	"04 1234 5678"	"1111 1111 1111 1111"	2020-06
man	asdfadsf@mail.com	"04 1234 5678"	"1111 1111 1111 1111"	2020-06
man	asdfadsf@mail.com	"04 1234 5678"	"1111 1111 1111 1111"	2020-06
man	asdfadsf@mail.com	"04 1234 5678"	"1111 1111 1111 1111"	2020-06
man	asdfadsf@mail.com	"04 1234 5678"	"1111 1111 1111 1111"	2020-06
man	asdfadsf@mail.com	"04 1234 5678"	"1111 1111 1111 1111"	2020-06
man	asdfadsf@mail.com	"04 1234 5678"	"1111 1111 1111 1111"	2020-06
man	asdfadsf@mail.com	"04 1234 5678"	"1111 1111 1111 1111"	2020-06
man	asdfadsf@mail.com	"04 1234 5678"	"1111 1111 1111 1111"	2020-06
man	asdfadsf@mail.com	"04 1234 5678"	"1111 1111 1111 1111"	2020-06
neo	asdfadsf@mail.com	"04 1234 5678"	"1111 1111 1111 1111"	2020-07
neo	asdfadsf@mail.com	"04 1234 5678"	"1111 1111 1111 1111"	2020-07
neo	asdfadsf@mail.com	"04 1234 5678"	"1111 1111 1111 1111"	2020-07
neo	asdfadsf@mail.com	"04 1234 5678"	"1111 1111 1111 1111"	2020-07
neo	asdfadsf@mail.com	"04 1234 5678"	"1111 1111 1111 1111"	2020-07
neo	asdfadsf@mail.com	"04 1234 5678"	"1111 1111 1111 1111"	2020-07
neo	asdfadsf@mail.com	"04 1234 5678"	"1111 1111 1111 1111"	2020-07
neo	asdfadsf@mail.com	"04 1234 5678"	"1111 1111 1111 1111"	2020-07
neo	asdfadsf@mail.com	"04 1234 5678"	"1111 1111 1111 1111"	2020-07
neo	asdfadsf@mail.com	"04 1234 5678"	"1111 1111 1111 1111"	2020-07
neo	asdfadsf@mail.com	"04 1234 5678"	"1111 1111 1111 1111"	2020-06
neo	asdfadsf@mail.com	"04 1234 5678"	"1111 1111 1111 1111"	2020-06
neo	asdfadsf@mail.com	"04 1234 5678"	"1111 1111 1111 1111"	2020-06
neo	asdfadsf@mail.com	"04 1234 5678"	"1111 1111 1111 1111"	2020-06
neo	asdfadsf@mail.com	"04 1234 5678"	"1111 1111 1111 1111"	2020-06
neo	asdfadsf@mail.com	"04 1234 5678"	"1111 1111 1111 1111"	2020-06
neo	asdfadsf@mail.com	"04 1234 5678"	"1111 1111 1111 1111"	2020-06
neo	asdfadsf@mail.com	"04 1234 5678"	"1111 1111 1111 1111"	2020-06
neo	asdfadsf@mail.com	"04 1234 5678"	"1111 1111 1111 1111"	2020-06
neo	asdfadsf@mail.com	"04 1234 5678"	"1111 1111 1111 1111"	2020-06
neo	asdfadsf@mail.com	"04 1234 5678"	"1111 1111 1111 1111"	2020-06
neo	asdfadsf@mail.com	"04 1234 5678"	"1111 1111 1111 1111"	2020-06
neo	asdfadsf@mail.com	"04 1234 5678"	"1111 1111 1111 1111"	2020-06
neo	asdfadsf@mail.com	"04 1234 5678"	"1111 1111 1111 1111"	2020-06
neo	asdfadsf@mail.com	"04 1234 5678"	"1111 1111 1111 1111"	2020-06
neo	asdfadsf@mail.com	"04 1234 5678"	"1111 1111 1111 1111"	2020-06
neo	asdfadsf@mail.com	"04 1234 5678"	"1111 1111 1111 1111"	2020-06
neo	asdfadsf@mail.com	"04 1234 5678"	"1111 1111 1111 1111"	2020-06
neo	asdfadsf@mail.com	"04 1234 5678"	"1111 1111 1111 1111"	2020-06
neo	asdfadsf@mail.com	"04 1234 5678"	"1111 1111 1111 1111"	2020-06
neo	asdfadsf@mail.com	"04 1234 5678"	"1111 1111 1111 1111"	2020-06
neo	asdfadsf@mail.com	"04 1234 5678"	"1111 1111 1111 1111"	2020-06
neo	asdfadsf@mail.com	"04 1234 5678"	"1111 1111 1111 1111"	2020-06
neo	asdfadsf@mail.com	"04 1234 5678"	"1111 1111 1111 1111"	2020-06
neo	asdfadsf@mail.com	"04 1234 5678"	"1111 1111 1111 1111"	2020-06
neo	asdfadsf@mail.com	"04 1234 5678"	"1111 1111 1111 1111"	2020-06
neo	asdfadsf@mail.com	"04 1234 5678"	"1111 1111 1111 1111"	2020-06
neo	asdfadsf@mail.com	"04 1234 5678"	"1111 1111 1111 1111"	2020-06
neo	asdfadsf@mail.com	"04 1234 5678"	"1111 1111 1111 1111"	2020-06
neo	asdfadsf@mail.com	"04 1234 5678"	"1111 1111 1111 1111"	2020-06
neo	asdfadsf@mail.com	"04 1234 5678"	"1111 1111 1111 1111"	2020-06
neo	asdfadsf@mail.com	"04 1234 5678"	"1111 1111 1111 1111"	2020-06
neo	asdfadsf@mail.com	"04 1234 5678"	"1111 1111 1111 1111"	2020-06
neo	asdfadsf@mail.com	"04 1234 5678"	"1111 1111 1111 1111"	2020-06
neo	asdfadsf@mail.com	"04 1234 5678"	"1111 1111 1111 1111"	2020-06
neo	asdfadsf@mail.com	"04 1234 5678"	"1111 1111 1111 1111"	2020-06
neo	asdfadsf@mail.com	"04 1234 5678"	"1111 1111 1111 1111"	2020-06
neo	asdfadsf@mail.com	"04 1234 5678"	"1111 1111 1111 1111"	2020-06
neo	asdfadsf@mail.com	"04 1234 5678"	"1111 1111 1111 1111"	2020-06
neo	asdfadsf@mail.com	"04 1234 5678"	"1111 1111 1111 1111"	2020-06
neo	asdfadsf@mail.com	"04 1234 5678"	"1111 1111 1111 1111"	2020-06
man	asdfsaf@mail.com	"04 1234 5678"	"1111 1111 1111 1111"	2020-06
man	asdfsaf@mail.com	"04 1234 5678"	"1111 1111 1111 1111"	2020-06
man	asdfsaf@mail.com	"04 1234 5678"	"1111 1111 1111 1111"	2020-06
neo	asdfadsf@mail.com	"04 1234 5678"	"1111 1111 1111 1111"	2020-06
neo	asdfadsf@mail.com	"04 1234 5678"	"1111 1111 1111 1111"	2020-06
neo	asdfadsf@mail.com	"04 1234 5678"	"1111 1111 1111 1111"	2020-06
neo	asdfadsf@mail.com	"04 1234 5678"	"1111 1111 1111 1111"	2020-06
neo	asdfadsf@mail.com	"04 1234 5678"	"1111 1111 1111 1111"	2020-06
neo	asdfadsf@mail.com	"04 1234 5678"	"1111 1111 1111 1111"	2020-06
neo	asdfadsf@mail.com	"04 1234 5678"	"1111 1111 1111 1111"	2020-06
neo	asdfadsf@mail.com	"04 1234 5678"	"1111 1111 1111 1111"	2020-06
neo	asdfadsf@mail.com	"04 1234 5678"	"1111 1111 1111 1111"	2020-06
neo	asdfadsf@mail.com	"04 1234 5678"	"1111 1111 1111 1111"	2020-06
neo	asdfadsf@mail.com	"04 1234 5678"	"1111 1111 1111 1111"	2020-06
neo	asdfadsf@mail.com	"04 1234 5678"	"1111 1111 1111 1111"	2020-06
neo	asdfadsf@mail.com	"04 1234 5678"	"1111 1111 1111 1111"	2020-06
neo	asdfadsf@mail.com	"04 1234 5678"	"1111 1111 1111 1111"	2020-06
neo	asdfadsf@mail.com	"04 1234 5678"	"1111 1111 1111 1111"	2020-06
neo	asdfadsf@mail.com	"04 1234 5678"	"1111 1111 1111 1111"	2020-06
neo	asdfadsf@mail.com	"04 1234 5678"	"1111 1111 1111 1111"	2020-06
neo	asdfadsf@mail.com	"04 1234 5678"	"1111 1111 1111 1111"	2020-06
neo	asdfadsf@mail.com	"04 1234 5678"	"1111 1111 1111 1111"	2020-06
neo	asdfadsf@mail.com	"04 1234 5678"	"1111 1111 1111 1111"	2020-06
neo	asdfadsf@mail.com	"04 1234 5678"	"1111 1111 1111 1111"	2020-06
neo	asdfadsf@mail.com	"04 1234 5678"	"1111 1111 1111 1111"	2020-06
neo	asdfadsf@mail.com	"04 1234 5678"	"1111 1111 1111 1111"	2020-06
neo	asdfadsf@mail.com	"04 1234 5678"	"1111 1111 1111 1111"	2020-06
neo	asdfadsf@mail.com	"04 1234 5678"	"1111 1111 1111 1111"	2020-06
neo	asdfadsf@mail.com	"04 1234 5678"	"1111 1111 1111 1111"	2020-06
neo	asdfadsf@mail.com	"04 1234 5678"	"1111 1111 1111 1111"	2020-06
neo	asdfadsf@mail.com	"04 1234 5678"	"1111 1111 1111 1111"	2020-06
neo	asdfadsf@mail.com	"04 1234 5678"	"1111 1111 1111 1111"	2020-06
neo	asdfadsf@mail.com	"04 1234 5678"	"1111 1111 1111 1111"	2020-06
neo	asdfadsf@mail.com	"04 1234 5678"	"1111 1111 1111 1111"	2020-06
neo	asdfadsf@mail.com	"04 1234 5678"	"1111 1111 1111 1111"	2020-06
neo	asdfadsf@mail.com	"04 1234 5678"	"1111 1111 1111 1111"	2020-06
neo	asdfadsf@mail.com	"04 1234 5678"	"1111 1111 1111 1111"	2020-06
neo	asdfadsf@mail.com	"04 1234 5678"	"1111 1111 1111 1111"	2020-06
neo	asdfadsf@mail.com	"04 1234 5678"	"1111 1111 1111 1111"	2020-06
neo	asdfadsf@mail.com	"04 1234 5678"	"1111 1111 1111 1111"	2020-06
neo	asdfadsf@mail.com	"04 1234 5678"	"1111 1111 1111 1111"	2020-06
neo	asdfadsf@mail.com	"04 1234 5678"	"1111 1111 1111 1111"	2020-06
neo	asdfadsf@mail.com	"04 1234 5678"	"1111 1111 1111 1111"	2020-06
neo	asdfadsf@mail.com	"04 1234 5678"	"1111 1111 1111 1111"	2020-06
neo	asdfadsf@mail.com	"04 1234 5678"	"1111 1111 1111 1111"	2020-06
neo	asdfadsf@mail.com	"04 1234 5678"	"1111 1111 1111 1111"	2020-06
neo	asdfadsf@mail.com	"04 1234 5678"	"1111 1111 1111 1111"	2020-06
neo	asdfadsf@mail.com	"04 1234 5678"	"1111 1111 1111 1111"	2020-06
neo	asdfadsf@mail.com	"04 1234 5678"	"1111 1111 1111 1111"	2020-06
neo	asdfadsf@mail.com	"04 1234 5678"	"1111 1111 1111 1111"	2020-06
neo	asdfadsf@mail.com	"04 1234 5678"	"1111 1111 1111 1111"	2020-06
neo	asdfadsf@mail.com	"04 1234 5678"	"1111 1111 1111 1111"	2020-06
neo	asdfadsf@mail.com	"04 1234 5678"	"1111 1111 1111 1111"	2020-06
neo	asdfadsf@mail.com	"04 1234 5678"	"1111 1111 1111 1111"	2020-06
neo	asdfadsf@mail.com	"04 1234 5678"	"1111 1111 1111 1111"	2020-06
neo	asdfadsf@mail.com	"04 1234 5678"	"1111 1111 1111 1111"	2020-06
neo	asdfadsf@mail.com	"04 1234 5678"	"1111 1111 1111 1111"	2020-06
neo	asdfadsf@mail.com	"04 1234 5678"	"1111 1111 1111 1111"	2020-06
neo	asdfadsf@mail.com	"04 1234 5678"	"1111 1111 1111 1111"	2020-06
neo	asdfadsf@mail.com	"04 1234 5678"	"1111 1111 1111 1111"	2020-06
neo	asdfadsf@mail.com	"04 1234 5678"	"1111 1111 1111 1111"	2020-06
neo	asdfadsf@mail.com	"04 1234 5678"	"1111 1111 1111 1111"	2020-06
neo	asdfadsf@mail.com	"04 1234 5678"	"1111 1111 1111 1111"	2020-06
neo	asdfadsf@mail.com	"04 1234 5678"	"1111 1111 1111 1111"	2020-06
neo	asdfadsf@mail.com	"04 1234 5678"	"1111 1111 1111 1111"	2020-06
neo	asdfadsf@mail.com	"04 1234 5678"	"1111 1111 1111 1111"	2020-06
neo	asdfadsf@mail.com	"04 1234 5678"	"1111 1111 1111 1111"	2020-06
neo	asdfadsf@mail.com	"04 1234 5678"	"1111 1111 1111 1111"	2020-06
neo	asdfadsf@mail.com	"04 1234 5678"	"1111 1111 1111 1111"	2020-06
neo	asdfadsf@mail.com	"04 1234 5678"	"1111 1111 1111 1111"	2020-06
neo	asdfadsf@mail.com	"04 1234 5678"	"1111 1111 1111 1111"	2020-06
neo	asdfadsf@mail.com	"04 1234 5678"	"1111 1111 1111 1111"	2020-06
neo	asdfadsf@mail.com	"04 1234 5678"	"1111 1111 1111 1111"	2020-06
neo	asdfadsf@mail.com	"04 1234 5678"	"1111 1111 1111 1111"	2020-06
neo	asdfadsf@mail.com	"04 1234 5678"	"1111 1111 1111 1111"	2020-06
neo	asdfadsf@mail.com	"04 1234 5678"	"1111 1111 1111 1111"	2020-06
neo	asdfadsf@mail.com	"04 1234 5678"	"1111 1111 1111 1111"	2020-06
neo	asdfadsf@mail.com	"04 1234 5678"	"1111 1111 1111 1111"	2020-06
neo	asdfadsf@mail.com	"04 1234 5678"	"1111 1111 1111 1111"	2020-06
neo	asdfadsf@mail.com	"04 1234 5678"	"1111 1111 1111 1111"	2020-06
neo	asdfadsf@mail.com	"04 1234 5678"	"1111 1111 1111 1111"	2020-06
neo	asdfadsf@mail.com	"04 1234 5678"	"1111 1111 1111 1111"	2020-06
neo	asdfadsf@mail.com	"04 1234 5678"	"1111 1111 1111 1111"	2020-06
neo	asdfadsf@mail.com	"04 1234 5678"	"1111 1111 1111 1111"	2020-06
neo	asdfadsf@mail.com	"04 1234 5678"	"1111 1111 1111 1111"	2020-06
neo	asdfadsf@mail.com	"04 1234 5678"	"1111 1111 1111 1111"	2020-06
neo	asdfadsf@mail.com	"04 1234 5678"	"1111 1111 1111 1111"	2020-06
neo	asdfadsf@mail.com	"04 1234 5678"	"1111 1111 1111 1111"	2020-06
neo	asdfadsf@mail.com	"04 1234 5678"	"1111 1111 1111 1111"	2020-06
neo	asdfadsf@mail.com	"04 1234 5678"	"1111 1111 1111 1111"	2020-06
neo	asdfadsf@mail.com	"04 1234 5678"	"1111 1111 1111 1111"	2020-06
neo	asdfadsf@mail.com	"04 1234 5678"	"1111 1111 1111 1111"	2020-06
neo	asdfadsf@mail.com	"04 1234 5678"	"1111 1111 1111 1111"	2020-06
neo	asdfadsf@mail.com	"04 1234 5678"	"1111 1111 1111 1111"	2020-06
neo	asdfadsf@mail.com	"04 1234 5678"	"1111 1111 1111 1111"	2020-06
